Method,MAE,RMSE
RBF,0.07360828792322047,0.09819982368772726
Linear,0.2619442828579046,0.3974522897997739
RGI,0.22704088856304985,0.3407525982705153
